url,final_url,title,meta_description,meta_keywords,canonical,meta_robots,og_title,og_description,og_image,h1,h2,h3,word_count,images_total,images_with_alt,links_internal,links_external,top_terms,error
https://springboarddigital.com/,https://springboarddigital.com/,Strategic Branding Agency in Coimbatore| Creative Branding Agency – Springboard Digital,"Springboard 9-year-old creative branding agency in Coimbatore, specializing in strategic brand positioning, we create brands with meaningful differentiation.",,https://springboarddigital.com/,"index, follow, max-image-preview:large, max-snippet:-1, max-video-preview:-1",Strategic Branding Agency in Coimbatore| Creative Branding Agency – Springboard Digital,"Springboard 9-year-old creative branding agency in Coimbatore, specializing in strategic brand positioning, we create brands with meaningful differentiation.",,"India's #1 Branding & Marketing
company with core focus in",,Visual Brand Positioning,103,65,65,43,44,now | brand | watch | cheran | academy | branding | packaging | world | chikki | visually | rebranded | elicit | nostalgia | though | innovative,
https://springboarddigital.com,https://springboarddigital.com/,Strategic Branding Agency in Coimbatore| Creative Branding Agency – Springboard Digital,"Springboard 9-year-old creative branding agency in Coimbatore, specializing in strategic brand positioning, we create brands with meaningful differentiation.",,https://springboarddigital.com/,"index, follow, max-image-preview:large, max-snippet:-1, max-video-preview:-1",Strategic Branding Agency in Coimbatore| Creative Branding Agency – Springboard Digital,"Springboard 9-year-old creative branding agency in Coimbatore, specializing in strategic brand positioning, we create brands with meaningful differentiation.",,"India's #1 Branding & Marketing
company with core focus in",,Visual Brand Positioning,103,65,65,43,44,now | brand | watch | cheran | academy | branding | packaging | world | chikki | visually | rebranded | elicit | nostalgia | though | innovative,
https://springboarddigital.com/contact,https://springboarddigital.com/contact,Contact Springboard digital branding and marketing company.,Drive results by booking a call today. We are keen to discuss new projects. Dive-in to Differentiate with springboard digital for a Meaningful differentiation.,,https://springboarddigital.com/,"index, follow, max-image-preview:large, max-snippet:-1, max-video-preview:-1",Contact Springboard digital branding and marketing company.,Drive results by booking a call today. We are keen to discuss new projects. Dive-in to Differentiate with springboard digital for a Meaningful differentiation.,,"Hey  there! | Partner with us to challenge
the status quo | Dive-in to drive results
by booking a call today!",,Dive-in to Differentiate,115,18,10,26,21,call | brand | positioning | branding | marketing | industry | select | e-comm | website | drag | let | talk | hey | partner | challenge,
https://springboarddigital.com/index,https://springboarddigital.com/index,Strategic Branding Agency in Coimbatore| Creative Branding Agency – Springboard Digital,"Springboard 9-year-old creative branding agency in Coimbatore, specializing in strategic brand positioning, we create brands with meaningful differentiation.",,https://springboarddigital.com/,"index, follow, max-image-preview:large, max-snippet:-1, max-video-preview:-1",Strategic Branding Agency in Coimbatore| Creative Branding Agency – Springboard Digital,"Springboard 9-year-old creative branding agency in Coimbatore, specializing in strategic brand positioning, we create brands with meaningful differentiation.",,"India's #1 Branding & Marketing
company with core focus in",,Visual Brand Positioning,103,65,65,43,44,now | brand | watch | cheran | academy | branding | packaging | world | chikki | visually | rebranded | elicit | nostalgia | though | innovative,
https://springboarddigital.com/about,https://springboarddigital.com/about,"Branding Marketing Agency Coimbatore, Chennai - India",Springboard Digital is among the .01% of the strategic Branding & Marketing companies with core focus on Brand Positioning & Differentiation.,,https://springboarddigital.com/,"index, follow, max-image-preview:large, max-snippet:-1, max-video-preview:-1","Branding Marketing Agency Coimbatore, Chennai - India",Springboard Digital is among the .01% of the strategic Branding & Marketing companies with core focus on Brand Positioning & Differentiation.,,"Springboard Digital is among the .01% of the strategic Branding & Marketing companies with core focus  on Brand Differentiation & Positioning.

Our very existence disrupts the status quo","ABOUT | PROJECTS | EMPLOYEES | LOCATIONS | Team Springboard
Digital",500+ | 30+ | 2 | Episode - 5,331,69,58,28,37,episode | digital | brand | positioning | working | college | branding | marketing | core | focus | team | india | brands | students | insights,
https://springboarddigital.com/works,https://springboarddigital.com/works,"Branding, Marketing, Brand Strategy, Packaging Design company case studies",We provide powerful visual designs work  and strategic branding along with digital marketing. We impact brands with our services.,,https://springboarddigital.com/,"index, follow, max-image-preview:large, max-snippet:-1, max-video-preview:-1","Branding, Marketing, Brand Strategy, Packaging Design company case studies",We provide powerful visual designs work  and strategic branding along with digital marketing. We impact brands with our services.,,Works | Brands we Impacted,,,496,35,34,64,14,view | brand | rebranding | branding | identity | india | brands | package | food | fashion | premier | facelift | sweets | works | bee,
https://springboarddigital.com/our-principles,https://springboarddigital.com/our-principles,Our Principles: Visual Brand Positioning,Our Principles- Visual Brand Positioning. We Build a brand in the customer mind with our branding strategies and Unique Packaging Designs.,,https://springboarddigital.com/,"index, follow, max-image-preview:large, max-snippet:-1, max-video-preview:-1",Our Principles: Visual Brand Positioning,Our Principles- Visual Brand Positioning. We Build a brand in the customer mind with our branding strategies and Unique Packaging Designs.,,"So What is Visual Brand
Positioning?",4. Communicating your Visual Brand | 1. Finding an open space | 2. Building the preference story | 3. Building the Visual Brand | 4. Communicating your Visual Brand,,401,22,21,34,14,brand | visual | positioning | principles | soap | mind | lifebuoy | protection | means | not | visuals | every | aspect | preference | story,
https://springboarddigital.com/clients,https://springboarddigital.com/clients,Brands We Impacted with our Branding Marketing Services.,Clients. A Relationship that Continues Forever. We have worked with Start-ups & Established companies around the world and created Impact.,,https://springboarddigital.com/,"index, follow, max-image-preview:large, max-snippet:-1, max-video-preview:-1",Brands We Impacted with our Branding Marketing Services.,Clients. A Relationship that Continues Forever. We have worked with Start-ups & Established companies around the world and created Impact.,,Clients | A Relationship that Continues Forever !!!,Some Iconic Brands who Trust us,,217,27,22,27,14,foods | clients | around | mum | college | group | drag | let | talk | relationship | continues | forever | decade | now | worked,
https://springboarddigital.com/careers,https://springboarddigital.com/careers,Design your Career at Springboard digital,"We are a tribe of designers, technocrats, artists️, writers️, inventors and marketers. Who inhale peace and impact brands success.",,https://springboarddigital.com/,"index, follow, max-image-preview:large, max-snippet:-1, max-video-preview:-1",Design your Career at Springboard digital,"We are a tribe of designers, technocrats, artists️, writers️, inventors and marketers. Who inhale peace and impact brands success.",,Careers,"We are a tribe of designers, technocrats,
artists️, writers️, inventors and marketers",who never settle for mediocrity | Things that bind us to together,406,59,48,26,33,never | growth | designer | space | creative | team | ideas | love | design | freedom | solutions | brand | part | branding | client,
https://springboarddigital.com/blog,https://springboarddigital.com/blog,Our Blog,Explore all our resources- Blog/sneak/peek/Teaser Release/ Branding lessons.,,https://springboarddigital.com/,"index, follow, max-image-preview:large, max-snippet:-1, max-video-preview:-1",Our Blog,Explore all our resources- Blog/sneak/peek/Teaser Release/ Branding lessons.,,Blog,,Dive-in to Differentiate,122,12,11,35,14,divya | bharathi | design | packaging | branding | ultimate | guide | people | drag | let | talk | blog | importance | unlock | power,
https://springboarddigital.com/resources,https://springboarddigital.com/resources,Our Resources-Reels/Videos/Podcast,Explore all our resources- Bts/Reels/Videos/Business/Podcast/sneak/peek/Teaser Release/ Branding lessons.,,https://springboarddigital.com/,"index, follow, max-image-preview:large, max-snippet:-1, max-video-preview:-1",Our Resources-Reels/Videos/Podcast,Explore all our resources- Bts/Reels/Videos/Business/Podcast/sneak/peek/Teaser Release/ Branding lessons.,,Resources,,,679,76,75,26,87,brand | business | turnover | tamil | brands | branding | logo | design | life | marketing | content | insights | category | refresh | social,
https://springboarddigital.com/branding-and-strategy,https://springboarddigital.com/branding-and-strategy,Human centric best branding agency in india –Springboard Digital,We are the leading human-centric best branding agency in India. We craft impactful brand experiences through innovative strategies and personalized design.,,https://springboarddigital.com/,"index, follow, max-image-preview:large, max-snippet:-1, max-video-preview:-1",Human centric best branding agency in india –Springboard Digital,We are the leading human-centric best branding agency in India. We craft impactful brand experiences through innovative strategies and personalized design.,,Branding & Strategy,,"Building brands with a
Meaningful Differentiation",90,10,9,40,14,branding | new | drag | let | talk | strategy | building | brands | meaningful | differentiation | whether | starting | business | launching | product,
https://springboarddigital.com/packaging-design,https://springboarddigital.com/packaging-design,Packaging Design Agency | Creative Packaging Design Company India,Springboard Digital is a Human-centered packaging design agency creating designs that boost sales and stand out on the shelf.,,https://springboarddigital.com/,"index, follow, max-image-preview:large, max-snippet:-1, max-video-preview:-1",Packaging Design Agency | Creative Packaging Design Company India,Springboard Digital is a Human-centered packaging design agency creating designs that boost sales and stand out on the shelf.,,Package Design | Our Definition For Packaging Design: Your Product's First & Last Salesperson.,,,26,9,8,40,14,design | drag | let | talk | package | definition | packaging | product | first | last | salesperson | start | project | principles | works,
https://springboarddigital.com/brand-communications,https://springboarddigital.com/brand-communications,"Brand Communications Agency In Coimbatore, India",We are a young strategic communication company with a strong client relationship as we deliver creative brand communication to our clients.,,https://springboarddigital.com/,"index, follow, max-image-preview:large, max-snippet:-1, max-video-preview:-1","Brand Communications Agency In Coimbatore, India",We are a young strategic communication company with a strong client relationship as we deliver creative brand communication to our clients.,,Brand Communications,,"Up your Business game
with Champions",45,9,8,40,14,brand | champions | communication | drag | let | talk | communications | business | game | digital | will | develop | cohesive | strategy | reflect,
https://springboarddigital.com/uiux-design,https://springboarddigital.com/uiux-design,"Springboard LLP | Branding, Brand Strategy & UI/UX design firm",The only thing we stock is the packages we use to deliver the meat.,,https://springboarddigital.com/,"index, follow, max-image-preview:large, max-snippet:-1, max-video-preview:-1","Springboard LLP | Branding, Brand Strategy & UI/UX design firm",The only thing we stock is the packages we use to deliver the meat.,,UX/UI Design,,"Digital Experiences that
deliver Business Outcomes",57,9,8,40,14,design | digital | experiences | deliver | business | outcomes | drag | let | talk | ideas | today | realities | tomorrow | amalgamate | expertise,
https://springboarddigital.com/website-design-and-developement,https://springboarddigital.com/website-design-and-developement,Web Design agency in Coimbatore Website Development,Elevate your online vision into reality with Springboard Digitals 8+ years of user-friendly website design and development services in India.,,https://springboarddigital.com/,"index, follow, max-image-preview:large, max-snippet:-1, max-video-preview:-1",Web Design agency in Coimbatore Website Development,Elevate your online vision into reality with Springboard Digitals 8+ years of user-friendly website design and development services in India.,,Website Design & Developement,,"Creating Digital
Experiences that User will
fall in love with",27,9,8,40,14,drag | let | talk | website | design | developement | creating | digital | experiences | user | will | fall | love | start | project,
https://springboarddigital.com/digital-marketing,https://springboarddigital.com/digital-marketing,Digital Marketing agency in Coimbatore,"Elevate your business online presence with the unique marketing strategies of Springboard Digital, the leading digital marketing agency in Coimbatore, India.",,https://springboarddigital.com/,"index, follow, max-image-preview:large, max-snippet:-1, max-video-preview:-1",Digital Marketing agency in Coimbatore,"Elevate your business online presence with the unique marketing strategies of Springboard Digital, the leading digital marketing agency in Coimbatore, India.",,Digital Marketing,,Amplifying your Brand’s Voice by Unlocking the Digital Potential,71,5,4,32,14,digital | brand | potential | drag | let | talk | marketing | amplifying | voice | unlocking | help | reach | targeted | audience | using,
https://springboarddigital.com/works/natural-sanitary-pads-branding-packaging-design.php,https://springboarddigital.com/works/natural-sanitary-pads-branding-packaging-design,"Springboard LLP | Branding, Brand Strategy & UI/UX design firm",The only thing we stock is the packages we use to deliver the meat.,,https://springboarddigital.com/,"index, follow, max-image-preview:large, max-snippet:-1, max-video-preview:-1","Springboard LLP | Branding, Brand Strategy & UI/UX design firm",The only thing we stock is the packages we use to deliver the meat.,,,,Bliss Naturals,19,32,2,26,14,bliss | naturals | drag | let | talk | rebranding | triumph | transforming | brand | identity | principles | works | clients | careers | resources,
https://springboarddigital.com/works/icecream-branding-packaging-design.php,https://springboarddigital.com/works/icecream-branding-packaging-design,"Springboard LLP | Branding, Brand Strategy & UI/UX design firm",The only thing we stock is the packages we use to deliver the meat.,,https://springboarddigital.com/,"index, follow, max-image-preview:large, max-snippet:-1, max-video-preview:-1","Springboard LLP | Branding, Brand Strategy & UI/UX design firm",The only thing we stock is the packages we use to deliver the meat.,,,,Oswald | Oswald's,19,40,8,26,14,drag | let | talk | oswald | elevating | ice | cream | experience | opulent | branding | principles | works | clients | careers | resources,
https://springboarddigital.com/works/mattress-branding-design.php,https://springboarddigital.com/works/mattress-branding-design,"Springboard LLP | Branding, Brand Strategy & UI/UX design firm",,,https://springboarddigital.com/,"index, follow, max-image-preview:large, max-snippet:-1, max-video-preview:-1","Springboard LLP | Branding, Brand Strategy & UI/UX design firm",,,,,Think Eco,16,27,2,26,14,drag | let | talk | think | eco | redefining | comfort | embracing | sustainability | principles | works | clients | careers | resources | contact,
https://springboarddigital.com/works/cafe-branding-branding-packaging-design.php,https://springboarddigital.com/works/cafe-branding-branding-packaging-design,"Springboard LLP | Branding, Brand Strategy & UI/UX design firm",The only thing we stock is the packages we use to deliver the meat.,,https://springboarddigital.com/,"index, follow, max-image-preview:large, max-snippet:-1, max-video-preview:-1","Springboard LLP | Branding, Brand Strategy & UI/UX design firm",The only thing we stock is the packages we use to deliver the meat.,,,,Cauvery Café,20,43,10,26,14,drag | let | talk | cauvery | caf | unique | brand | identity | unite | landscapes | legacies | principles | works | clients | careers,
https://springboarddigital.com/works/sweet-shop-branding-packaging-design.php,https://springboarddigital.com/works/sweet-shop-branding-packaging-design,"Springboard LLP | Branding, Brand Strategy & UI/UX design firm",The only thing we stock is the packages we use to deliver the meat.,,https://springboarddigital.com/,"index, follow, max-image-preview:large, max-snippet:-1, max-video-preview:-1","Springboard LLP | Branding, Brand Strategy & UI/UX design firm",The only thing we stock is the packages we use to deliver the meat.,,,,Aswins Sweets,22,62,7,26,14,sweets | drag | let | talk | aswins | beloved | iconic | rebranding | success | brand | principles | works | clients | careers | resources,
https://springboarddigital.com/works/patisserie-chocolate-branding-packaging-design.php,https://springboarddigital.com/works/patisserie-chocolate-branding-packaging-design,"Springboard LLP | Branding, Brand Strategy & UI/UX design firm",The only thing we stock is the packages we use to deliver the meat.,,https://springboarddigital.com/,"index, follow, max-image-preview:large, max-snippet:-1, max-video-preview:-1","Springboard LLP | Branding, Brand Strategy & UI/UX design firm",The only thing we stock is the packages we use to deliver the meat.,,,,Amote,16,37,3,28,14,drag | let | talk | amote | first | french | style | patisserie | principles | works | clients | careers | resources | contact,
https://springboarddigital.com/works/oil-brand-ecommerce-website-design-and-development.php,https://springboarddigital.com/works/oil-brand-ecommerce-website-design-and-development,"Springboard LLP | Branding, Brand Strategy & UI/UX design firm",The only thing we stock is the packages we use to deliver the meat.,,https://springboarddigital.com/,"index, follow, max-image-preview:large, max-snippet:-1, max-video-preview:-1","Springboard LLP | Branding, Brand Strategy & UI/UX design firm",The only thing we stock is the packages we use to deliver the meat.,,,,Kaleesuwari,20,9,2,26,14,drag | let | talk | kaleesuwari | million | household | favorite | oil | brands | served | digitally | principles | works | clients | careers,
https://springboarddigital.com/works/sweet-snacks-branding-packaging-website-design.php,https://springboarddigital.com/works/sweet-snacks-branding-packaging-website-design,"Springboard LLP | Branding, Brand Strategy & UI/UX design firm",The only thing we stock is the packages we use to deliver the meat.,,https://springboarddigital.com/,"index, follow, max-image-preview:large, max-snippet:-1, max-video-preview:-1","Springboard LLP | Branding, Brand Strategy & UI/UX design firm",The only thing we stock is the packages we use to deliver the meat.,,,,Hana’s Just Made,20,48,6,26,14,drag | let | talk | hana | just | made | confectionary | brand | building | enduring | relationship | kids | principles | works | clients,
https://springboarddigital.com/works/candy-branding-packaging-design.php,https://springboarddigital.com/works/candy-branding-packaging-design,"Springboard LLP | Branding, Brand Strategy & UI/UX design firm",The only thing we stock is the packages we use to deliver the meat.,,https://springboarddigital.com/,"index, follow, max-image-preview:large, max-snippet:-1, max-video-preview:-1","Springboard LLP | Branding, Brand Strategy & UI/UX design firm",The only thing we stock is the packages we use to deliver the meat.,,,,Red Foodz | Red Foodz,20,33,7,26,14,drag | let | talk | red | foodz | chikki | brand | visually | rebranded | elicit | nostalgia | principles | works | clients | careers,
https://springboarddigital.com/contact.php,https://springboarddigital.com/contact,Contact Springboard digital branding and marketing company.,Drive results by booking a call today. We are keen to discuss new projects. Dive-in to Differentiate with springboard digital for a Meaningful differentiation.,,https://springboarddigital.com/,"index, follow, max-image-preview:large, max-snippet:-1, max-video-preview:-1",Contact Springboard digital branding and marketing company.,Drive results by booking a call today. We are keen to discuss new projects. Dive-in to Differentiate with springboard digital for a Meaningful differentiation.,,"Hey  there! | Partner with us to challenge
the status quo | Dive-in to drive results
by booking a call today!",,Dive-in to Differentiate,115,18,10,26,21,call | brand | positioning | branding | marketing | industry | select | e-comm | website | drag | let | talk | hey | partner | challenge,
https://springboarddigital.com/works.php,https://springboarddigital.com/works,"Branding, Marketing, Brand Strategy, Packaging Design company case studies",We provide powerful visual designs work  and strategic branding along with digital marketing. We impact brands with our services.,,https://springboarddigital.com/,"index, follow, max-image-preview:large, max-snippet:-1, max-video-preview:-1","Branding, Marketing, Brand Strategy, Packaging Design company case studies",We provide powerful visual designs work  and strategic branding along with digital marketing. We impact brands with our services.,,Works | Brands we Impacted,,,496,35,34,64,14,view | brand | rebranding | branding | identity | india | brands | package | food | fashion | premier | facelift | sweets | works | bee,
https://springboarddigital.com/careers.php,https://springboarddigital.com/careers,Design your Career at Springboard digital,"We are a tribe of designers, technocrats, artists️, writers️, inventors and marketers. Who inhale peace and impact brands success.",,https://springboarddigital.com/,"index, follow, max-image-preview:large, max-snippet:-1, max-video-preview:-1",Design your Career at Springboard digital,"We are a tribe of designers, technocrats, artists️, writers️, inventors and marketers. Who inhale peace and impact brands success.",,Careers,"We are a tribe of designers, technocrats,
artists️, writers️, inventors and marketers",who never settle for mediocrity | Things that bind us to together,406,59,48,26,33,never | growth | designer | space | creative | team | ideas | love | design | freedom | solutions | brand | part | branding | client,
https://springboarddigital.com/works/narasus.php,https://springboarddigital.com/works/narasus,"Springboard LLP | Branding, Brand Strategy & UI/UX design firm",The only thing we stock is the packages we use to deliver the meat.,,https://springboarddigital.com/,"index, follow, max-image-preview:large, max-snippet:-1, max-video-preview:-1","Springboard LLP | Branding, Brand Strategy & UI/UX design firm",The only thing we stock is the packages we use to deliver the meat.,,,,Chika | Narasu's,20,12,2,26,14,drag | let | talk | narasu | beans | breakfast | narasus | enters | morning | aisle | principles | works | clients | careers | resources,
https://springboarddigital.com/works/he&bee.php,https://springboarddigital.com/works/he%26bee,"Springboard LLP | Branding, Brand Strategy & UI/UX design firm",The only thing we stock is the packages we use to deliver the meat.,,https://springboarddigital.com/,"index, follow, max-image-preview:large, max-snippet:-1, max-video-preview:-1","Springboard LLP | Branding, Brand Strategy & UI/UX design firm",The only thing we stock is the packages we use to deliver the meat.,,,,Chika | He&Bee,22,27,2,26,14,bee | drag | let | talk | skin | food | modern | soul | natural | narrative | principles | works | clients | careers | resources,
https://springboarddigital.com/works/winifero.php,https://springboarddigital.com/works/winifero,"Springboard LLP | Branding, Brand Strategy & UI/UX design firm",The only thing we stock is the packages we use to deliver the meat.,,https://springboarddigital.com/,"index, follow, max-image-preview:large, max-snippet:-1, max-video-preview:-1","Springboard LLP | Branding, Brand Strategy & UI/UX design firm",The only thing we stock is the packages we use to deliver the meat.,,,,Chika | Winifero,18,17,2,26,14,winifero | drag | let | talk | elevated | elegance | redefining | premium | packaging | principles | works | clients | careers | resources | contact,
https://springboarddigital.com/works/leggings-branding.php,https://springboarddigital.com/works/leggings-branding,"Springboard LLP | Branding, Brand Strategy & UI/UX design firm",The only thing we stock is the packages we use to deliver the meat.,,https://springboarddigital.com/,"index, follow, max-image-preview:large, max-snippet:-1, max-video-preview:-1","Springboard LLP | Branding, Brand Strategy & UI/UX design firm",The only thing we stock is the packages we use to deliver the meat.,,,,Boldher | Boldher,18,29,7,26,14,drag | let | talk | boldher | branding | leggings | beyond | fashion | confidence | principles | works | clients | careers | resources | contact,
https://springboarddigital.com/works/brochure-design-brand-communication.php,https://springboarddigital.com/works/brochure-design-brand-communication,"Springboard LLP | Branding, Brand Strategy & UI/UX design firm",,,https://springboarddigital.com/,"index, follow, max-image-preview:large, max-snippet:-1, max-video-preview:-1","Springboard LLP | Branding, Brand Strategy & UI/UX design firm",,,,,Siruvani,19,28,8,26,14,drag | let | talk | siruvani | irresistible | escape | premier | luxury | farm | villas | principles | works | clients | careers | resources,
https://springboarddigital.com/works/uae-pitshop-website-design-branding.php,https://springboarddigital.com/works/uae-pitshop-website-design-branding,"Springboard LLP | Branding, Brand Strategy & UI/UX design firm",The only thing we stock is the packages we use to deliver the meat.,,https://springboarddigital.com/,"index, follow, max-image-preview:large, max-snippet:-1, max-video-preview:-1","Springboard LLP | Branding, Brand Strategy & UI/UX design firm",The only thing we stock is the packages we use to deliver the meat.,,,,Wheelmode,21,38,2,26,14,drag | let | talk | wheelmode | uae | wholesaler | turning | website | retailing | breakthrough | branding | success | principles | works | clients,
https://springboarddigital.com/works/snacks-packaging-design-branding.php,https://springboarddigital.com/works/snacks-packaging-design-branding,"Springboard LLP | Branding, Brand Strategy & UI/UX design firm",The only thing we stock is the packages we use to deliver the meat.,,https://springboarddigital.com/,"index, follow, max-image-preview:large, max-snippet:-1, max-video-preview:-1","Springboard LLP | Branding, Brand Strategy & UI/UX design firm",The only thing we stock is the packages we use to deliver the meat.,,,,Chika,22,26,2,26,14,drag | let | talk | chika | inspired | street | food | dynamic | mascot | corn | puff | brand | principles | works | clients,
https://springboarddigital.com/works/cake-packaging-design.php,https://springboarddigital.com/works/cake-packaging-design,"Springboard LLP | Branding, Brand Strategy & UI/UX design firm",The only thing we stock is the packages we use to deliver the meat.,,https://springboarddigital.com/,"index, follow, max-image-preview:large, max-snippet:-1, max-video-preview:-1","Springboard LLP | Branding, Brand Strategy & UI/UX design firm",The only thing we stock is the packages we use to deliver the meat.,,,,CakeBee,20,20,2,26,14,drag | let | talk | cakebee | facelift | prestigious | brand | appeal | magic | package | principles | works | clients | careers | resources,
https://springboarddigital.com/works/wafer-branding-packaging-design.php,https://springboarddigital.com/works/wafer-branding-packaging-design,"Springboard LLP | Branding, Brand Strategy & UI/UX design firm",The only thing we stock is the packages we use to deliver the meat.,,https://springboarddigital.com/,"index, follow, max-image-preview:large, max-snippet:-1, max-video-preview:-1","Springboard LLP | Branding, Brand Strategy & UI/UX design firm",The only thing we stock is the packages we use to deliver the meat.,,,,Wafia,17,33,8,26,14,drag | let | talk | wafia | wafer | brand | designed | teen | psychology | principles | works | clients | careers | resources | contact,
https://springboarddigital.com/works/chips-branding-packaging-design.php,https://springboarddigital.com/works/chips-branding-packaging-design,"Springboard LLP | Branding, Brand Strategy & UI/UX design firm",The only thing we stock is the packages we use to deliver the meat.,,https://springboarddigital.com/,"index, follow, max-image-preview:large, max-snippet:-1, max-video-preview:-1","Springboard LLP | Branding, Brand Strategy & UI/UX design firm",The only thing we stock is the packages we use to deliver the meat.,,,,Potch,20,24,2,26,14,drag | let | talk | potch | potato | chips | package | designed | visually | lure | bingers | principles | works | clients | careers,
https://springboarddigital.com/works/maternal-birth-centre-branding-website-design.php,https://springboarddigital.com/works/maternal-birth-centre-branding-website-design,"Springboard LLP | Branding, Brand Strategy & UI/UX design firm",The only thing we stock is the packages we use to deliver the meat.,,https://springboarddigital.com/,"index, follow, max-image-preview:large, max-snippet:-1, max-video-preview:-1","Springboard LLP | Branding, Brand Strategy & UI/UX design firm",The only thing we stock is the packages we use to deliver the meat.,,,,My Birthplace,20,28,2,26,14,drag | let | talk | birthplace | india | integrative | birth | centre | led | doctors | principles | works | clients | careers | resources,
